,,,,,,,,,,
Theme: Population,,,,,,,,,,
Subject: Population and Population Structure,,,,,,,,,,
Topic: Key Annual Indicators on Population,,,,,,,,,,
"Table Title: Singapore Residents By Age Group, Ethnic Group And Sex, End June, Annual",,,,,,,,,,
,,,,,,,,,,
Data last updated: 27/09/2022,,,,,,,,,,
Source: SINGAPORE DEPARTMENT OF STATISTICS,,,,,,,,,,
,,,,,,,,,,
,,,,,,,,,,Number
Data Series,2020 ,2019 ,2018 ,2017 ,2016 ,2015 ,2014 ,2013 ,2012 ,2011 
Total Residents,4044210,4026209,3994283,3965796,3933559,3902690,3870739,3844751,3818205,3789251
  0 - 4 Years,183076,185355,185528,187653,187160,183575,181369,183295,186673,188249
  5 - 9 Years,198737,197775,199066,200575,201509,204452,205790,205704,206324,208119
  10 - 14 Years,206393,207926,206530,206253,207495,214388,220796,226244,233320,240536
  15 - 19 Years,215234,222222,226520,232973,239771,242902,247337,255066,258861,260738
  20 - 24 Years,244537,249079,255516,259072,260854,264127,263918,266889,264506,255069
  25 - 29 Years,286997,288194,291631,290198,279988,271030,265659,255615,254582,262606
  30 - 34 Years,297798,293446,281397,279340,285544,290619,292287,296870,295396,297555
  35 - 39 Years,299515,300818,303720,300956,301998,301067,302029,305503,313970,316161
  40 - 44 Years,299291,300763,303640,311484,313445,316755,316023,312581,308823,306614
  45 - 49 Years,311740,311682,307838,303457,301183,303413,308533,316336,320925,323991
  50 - 54 Years,296068,301682,308965,312814,315598,315091,315503,312988,310376,308130
  55 - 59 Years,305830,306759,304390,301678,299591,295063,288392,281069,271817,260678
  60 - 64 Years,284626,278828,271688,262651,251853,240493,231502,222154,213996,208160
  65 - 69 Years,229396,221296,212101,203969,198020,182425,161198,145817,128879,112396
  70 - 74 Years,170008,150127,135546,119494,103796,102631,106815,105746,104414,100073
  75 - 79 Years,90990,94600,93327,91953,87955,81211,76294,70619,67675,66909
  80 - 84 Years,66513,62293,57103,54341,53556,51785,48418,46199,44115,42145
  85 - 89 Years,36586,33935,31991,30481,29086,27494,25486,23235,21503,19756
  65 Years & Over,614368,581680,547854,516692,487570,459715,431601,404437,378636,352645
  70 Years & Over,384972,360384,335753,312723,289550,277290,270403,258620,249757,240249
  75 Years & Over,214964,210257,200207,193229,185754,174659,163588,152874,145343,140176
  80 Years & Over,123974,115657,106880,101276,97799,93448,87294,82255,77668,73267
  85 Years & Over,57461,53364,49777,46935,44243,41663,38876,36056,33553,31122
  90 Years & Over,20875,19429,17786,16454,15157,14169,13390,12821,12050,11366
Total Male Residents,1977556,1969382,1955838,1943545,1929526,1916628,1902410,1891504,1880046,1868170
  0 - 4 Years,93388,94666,94916,96041,95678,93852,92528,93520,94924,95885
  5 - 9 Years,101729,101051,101636,102010,102426,103861,104588,104586,105033,106047
  10 - 14 Years,104967,105661,105026,104885,105589,109401,112959,116000,119697,123438
  15 - 19 Years,109868,113555,116102,119500,122911,124287,126514,129989,132106,132579
  20 - 24 Years,124617,126764,129956,131825,132046,133493,132902,134034,132675,128245
  25 - 29 Years,142382,142465,143758,142427,137243,132504,129304,124013,123056,127132
  30 - 34 Years,143022,140208,133775,132378,135596,137847,138954,141262,140686,141947
  35 - 39 Years,141357,142118,143661,142776,143553,143795,144959,147408,152252,154097
  40 - 44 Years,142801,143869,145974,150641,152466,154460,154320,152691,151213,150678
  45 - 49 Years,151690,151637,149811,148095,147517,149607,153194,158312,161122,163002
  50 - 54 Years,145383,149121,153908,156386,158202,158465,158734,157789,156561,155424
  55 - 59 Years,152960,153477,152528,151320,150315,147860,144316,140813,136379,130717
  60 - 64 Years,141471,138324,134928,130589,125130,119660,115217,110241,105781,102799
  65 - 69 Years,112609,108655,103758,99351,96349,88697,78285,70525,62372,54115
  70 - 74 Years,80819,71234,64029,56463,48691,47779,49438,48663,47890,46135
  75 - 79 Years,40773,42201,41288,40524,38976,36126,33753,31164,29715,29123
  80 - 84 Years,27886,26077,23779,22400,21884,20932,19515,18572,17496,16558
  85 - 89 Years,13522,12484,11748,10989,10387,9728,8985,8122,7519,6889
  65 Years & Over,281921,266466,249859,234672,220854,207536,193921,180846,168561,156180
  70 Years & Over,169312,157811,146101,135321,124505,118839,115636,110321,106189,102065
  75 Years & Over,88493,86577,82072,78858,75814,71060,66198,61658,58299,55930
  80 Years & Over,47720,44376,40784,38334,36838,34934,32445,30494,28584,26807
  85 Years & Over,19834,18299,17005,15934,14954,14002,12930,11922,11088,10249
  90 Years & Over,6312,5815,5257,4945,4567,4274,3945,3800,3569,3360
Total Female Residents,2066654,2056827,2038445,2022251,2004033,1986062,1968329,1953247,1938159,1921081
  0 - 4 Years,89688,90689,90612,91612,91482,89723,88841,89775,91749,92364
  5 - 9 Years,97008,96724,97430,98565,99083,100591,101202,101118,101291,102072
  10 - 14 Years,101426,102265,101504,101368,101906,104987,107837,110244,113623,117098
  15 - 19 Years,105366,108667,110418,113473,116860,118615,120823,125077,126755,128159
  20 - 24 Years,119920,122315,125560,127247,128808,130634,131016,132855,131831,126824
  25 - 29 Years,144615,145729,147873,147771,142745,138526,136355,131602,131526,135474
  30 - 34 Years,154776,153238,147622,146962,149948,152772,153333,155608,154710,155608
  35 - 39 Years,158158,158700,160059,158180,158445,157272,157070,158095,161718,162064
  40 - 44 Years,156490,156894,157666,160843,160979,162295,161703,159890,157610,155936
  45 - 49 Years,160050,160045,158027,155362,153666,153806,155339,158024,159803,160989
  50 - 54 Years,150685,152561,155057,156428,157396,156626,156769,155199,153815,152706
  55 - 59 Years,152870,153282,151862,150358,149276,147203,144076,140256,135438,129961
  60 - 64 Years,143155,140504,136760,132062,126723,120833,116285,111913,108215,105361
  65 - 69 Years,116787,112641,108343,104618,101671,93728,82913,75292,66507,58281
  70 - 74 Years,89189,78893,71517,63031,55105,54852,57377,57083,56524,53938
  75 - 79 Years,50217,52399,52039,51429,48979,45085,42541,39455,37960,37786
  80 - 84 Years,38627,36216,33324,31941,31672,30853,28903,27627,26619,25587
  85 - 89 Years,23064,21451,20243,19492,18699,17766,16501,15113,13984,12867
  65 Years & Over,332447,315214,297995,282020,266716,252179,237680,223591,210075,196465
  70 Years & Over,215660,202573,189652,177402,165045,158451,154767,148299,143568,138184
  75 Years & Over,126471,123680,118135,114371,109940,103599,97390,91216,87044,84246
  80 Years & Over,76254,71281,66096,62942,60961,58514,54849,51761,49084,46460
  85 Years & Over,37627,35065,32772,31001,29289,27661,25946,24134,22465,20873
  90 Years & Over,14563,13614,12529,11509,10590,9895,9445,9021,8481,8006
Total Malays,545498,540783,535824,530710,525888,520923,516657,512837,509519,506637
  0 - 4 Years,38668,37374,36169,34561,33088,31691,30899,30587,30868,31396
  5 - 9 Years,32070,31339,30930,31212,31706,32359,32837,33379,34069,35310
  10 - 14 Years,32472,32966,33438,34079,35267,36764,38395,39902,41516,42607
  15 - 19 Years,37018,38703,40170,41735,42750,43584,44424,45767,46721,47713
  20 - 24 Years,43813,44675,45986,46888,47798,48590,49165,48678,47824,46242
  25 - 29 Years,48668,49243,48796,47947,46239,44466,42597,40804,39636,38729
  30 - 34 Years,44614,42855,41104,39927,38943,37710,35985,34420,32541,31043
  35 - 39 Years,37719,36079,34512,32504,30939,29582,29430,29830,31040,32186
  40 - 44 Years,29282,29199,29543,30618,31701,32543,32636,33323,34049,35737
  45 - 49 Years,32010,32131,32821,33451,35056,37208,39787,42210,43652,44347
  50 - 54 Years,36429,38961,41235,42560,43212,43192,43038,42024,41001,39564
  55 - 59 Years,41812,41690,40637,39667,38118,36525,34819,33371,31457,29593
  60 - 64 Years,34823,33141,31742,29935,28147,26108,24415,22492,21207,20527
  65 - 69 Years,24366,22771,20922,19630,18867,17131,14944,13546,11723,9706
  70 - 74 Years,15274,13264,12011,10385,8571,8467,8841,8729,8896,8903
  75 - 79 Years,7015,7325,7193,7333,7275,7118,7200,7097,7042,7051
  80 - 84 Years,5247,5254,5131,5012,5087,4842,4386,4073,3865,3816
  85 - 89 Years,2961,2645,2398,2271,2226,2163,2060,1841,1720,1580
  65 Years & Over,56100,52427,48741,45626,42924,40601,38230,36050,33938,31643
  70 Years & Over,31734,29656,27819,25996,24057,23470,23286,22504,22215,21937
  75 Years & Over,16460,16392,15808,15611,15486,15003,14445,13775,13319,13034
  80 Years & Over,9445,9067,8615,8278,8211,7885,7245,6678,6277,5983
  85 Years & Over,4198,3813,3484,3266,3124,3043,2859,2605,2412,2167
  90 Years & Over,1237,1168,1086,995,898,880,799,764,692,587
Total Male Malays,271332,268933,266486,263912,261564,259108,257036,255176,253578,252227
  0 - 4 Years,19848,19182,18624,17790,16992,16276,15869,15676,15748,16114
  5 - 9 Years,16472,16108,15878,15933,16267,16575,16864,17088,17513,18163
  10 - 14 Years,16655,16929,17117,17508,18121,19016,19789,20785,21549,22084
  15 - 19 Years,19135,19957,20922,21672,22160,22504,23006,23602,24174,24543
  20 - 24 Years,22587,23088,23682,24219,24538,25006,25206,24908,24461,23646
  25 - 29 Years,24997,25200,24921,24437,23559,22571,21596,20621,19973,19574
  30 - 34 Years,22569,21636,20661,19997,19575,18850,17966,17004,15921,15047
  35 - 39 Years,18808,17940,16955,15830,14936,14181,14083,14338,15044,15622
  40 - 44 Years,13994,13932,14169,14813,15354,15801,15803,16122,16509,17353
  45 - 49 Years,15502,15500,15807,16143,16950,18047,19363,20747,21457,21931
  50 - 54 Years,17630,18921,20212,20859,21342,21406,21462,21006,20539,19790
  55 - 59 Years,20654,20697,20185,19777,18982,18189,17271,16523,15489,14444
  60 - 64 Years,17180,16279,15577,14604,13619,12584,11686,10661,10038,9813
  65 - 69 Years,11546,10730,9762,9132,8838,8046,7044,6380,5477,4418
  70 - 74 Years,7014,6096,5518,4734,3806,3721,3883,3815,3923,4064
  75 - 79 Years,2970,3116,3023,3110,3217,3126,3132,3049,3020,2918
  80 - 84 Years,2192,2166,2107,2031,1992,1906,1754,1678,1636,1674
  85 - 89 Years,1095,972,914,897,915,931,904,831,798,749
  65 Years & Over,25301,23564,21776,20330,19169,18102,17072,16095,15163,14103
  70 Years & Over,13755,12834,12014,11198,10331,10056,10028,9715,9686,9685
  75 Years & Over,6741,6738,6496,6464,6525,6335,6145,5900,5763,5621
  80 Years & Over,3771,3622,3473,3354,3308,3209,3013,2851,2743,2703
  85 Years & Over,1579,1456,1366,1323,1316,1303,1259,1173,1107,1029
  90 Years & Over,484,484,452,426,401,372,355,342,309,280
Total Female Malays,274166,271850,269338,266798,264324,261815,259621,257661,255941,254410
  0 - 4 Years,18820,18192,17545,16771,16096,15415,15030,14911,15120,15282
  5 - 9 Years,15598,15231,15052,15279,15439,15784,15973,16291,16556,17147
  10 - 14 Years,15817,16037,16321,16571,17146,17748,18606,19117,19967,20523
  15 - 19 Years,17883,18746,19248,20063,20590,21080,21418,22165,22547,23170
  20 - 24 Years,21226,21587,22304,22669,23260,23584,23959,23770,23363,22596
  25 - 29 Years,23671,24043,23875,23510,22680,21895,21001,20183,19663,19155
  30 - 34 Years,22045,21219,20443,19930,19368,18860,18019,17416,16620,15996
  35 - 39 Years,18911,18139,17557,16674,16003,15401,15347,15492,15996,16564
  40 - 44 Years,15288,15267,15374,15805,16347,16742,16833,17201,17540,18384
  45 - 49 Years,16508,16631,17014,17308,18106,19161,20424,21463,22195,22416
  50 - 54 Years,18799,20040,21023,21701,21870,21786,21576,21018,20462,19774
  55 - 59 Years,21158,20993,20452,19890,19136,18336,17548,16848,15968,15149
  60 - 64 Years,17643,16862,16165,15331,14528,13524,12729,11831,11169,10714
  65 - 69 Years,12820,12041,11160,10498,10029,9085,7900,7166,6246,5288
  70 - 74 Years,8260,7168,6493,5651,4765,4746,4958,4914,4973,4839
  75 - 79 Years,4045,4209,4170,4223,4058,3992,4068,4048,4022,4133
  80 - 84 Years,3055,3088,3024,2981,3095,2936,2632,2395,2229,2142
  85 - 89 Years,1866,1673,1484,1374,1311,1232,1156,1010,922,831
  65 Years & Over,30799,28863,26965,25296,23755,22499,21158,19955,18775,17540
  70 Years & Over,17979,16822,15805,14798,13726,13414,13258,12789,12529,12252
  75 Years & Over,9719,9654,9312,9147,8961,8668,8300,7875,7556,7413
  80 Years & Over,5674,5445,5142,4924,4903,4676,4232,3827,3534,3280
  85 Years & Over,2619,2357,2118,1943,1808,1740,1600,1432,1305,1138
  90 Years & Over,753,684,634,569,497,508,444,422,383,307
Total Chinese,3006769,2993708,2969281,2948252,2923172,2900007,2874380,2853751,2831984,2808254
  0 - 4 Years,122479,125403,126229,129452,130177,127953,126663,127411,127748,126390
  5 - 9 Years,137495,136620,137097,136570,135257,136134,135766,134501,134579,135660
  10 - 14 Years,138559,138611,136796,136448,137225,143109,148099,152444,158134,164707
  15 - 19 Years,145574,150821,154198,159568,165774,168641,172689,179429,182494,183702
  20 - 24 Years,171053,175115,180656,183474,184609,187266,186771,190460,189212,181822
  25 - 29 Years,208751,209293,213123,212862,204843,197951,193787,184455,182756,188686
  30 - 34 Years,221135,217976,206873,204446,208889,211777,211976,215075,213459,215309
  35 - 39 Years,219113,219703,221887,219561,220701,220671,220906,223574,230350,231657
  40 - 44 Years,221128,222036,224416,230806,231775,234287,234352,231365,228257,225693
  45 - 49 Years,232379,233017,229736,225935,223222,224201,227540,233414,237372,240938
  50 - 54 Years,220144,223988,229401,232687,235906,236497,237697,237503,237159,237735
  55 - 59 Years,230987,232635,232490,231813,232481,230757,227374,222954,217054,208954
  60 - 64 Years,224025,221156,216752,210800,202871,194874,188427,181827,175754,171094
  65 - 69 Years,187097,181242,174682,168582,163881,151385,134123,121587,107912,94754
  70 - 74 Years,142318,126015,113955,100894,88238,87310,90889,89985,88482,84360
  75 - 79 Years,78319,81375,80247,78725,74926,68563,63831,58427,55620,54877
  80 - 84 Years,57006,52993,48056,45437,44620,43155,40331,38500,36811,35055
  85 - 89 Years,31146,28865,27237,25927,24662,23250,21502,19626,18224,16765
  65 Years & Over,513947,487334,459627,433830,409442,385889,362333,339339,317656,295907
  70 Years & Over,326850,306092,284945,265248,245561,234504,228210,217752,209744,201153
  75 Years & Over,184532,180077,170990,164354,157323,147194,137321,127767,121262,116793
  80 Years & Over,106213,98702,90743,85629,82397,78631,73490,69340,65642,61916
  85 Years & Over,49207,45709,42687,40192,37777,35476,33159,30840,28831,26861
  90 Years & Over,18061,16844,15450,14265,13115,12226,11657,11214,10607,10096
Total Male Chinese,1461344,1455708,1445375,1436284,1425244,1415303,1403927,1395183,1385606,1375665
  0 - 4 Years,62421,64062,64571,66394,66943,65896,65120,65562,65510,64775
  5 - 9 Years,70791,70210,70539,70115,69259,69716,69555,68932,68931,69469
  10 - 14 Years,70928,70933,70044,69850,70290,73335,76144,78468,81512,84973
  15 - 19 Years,74493,77349,79286,82160,85383,86728,88722,91804,93414,93766
  20 - 24 Years,87309,89204,92077,93506,93681,94775,94189,95779,95079,91656
  25 - 29 Years,103369,103367,105003,104440,100380,96831,94600,89948,88944,92011
  30 - 34 Years,106485,104571,98895,97484,99734,100938,101060,102421,101426,102101
  35 - 39 Years,104060,104225,105120,103832,104108,104242,104419,105906,109368,110390
  40 - 44 Years,104362,104660,105892,109212,110080,111298,111470,110102,108947,108378
  45 - 49 Years,110281,110551,109048,107610,106909,108315,111126,115135,117903,120103
  50 - 54 Years,106051,109012,112715,115156,117173,118039,118717,118916,118759,119137
  55 - 59 Years,114766,115628,115822,115478,115891,114879,113178,111290,108646,104682
  60 - 64 Years,110715,109243,107316,104638,100764,97035,93875,90404,87027,84527
  65 - 69 Years,92021,89176,85687,82321,79855,73661,65144,58695,52217,45669
  70 - 74 Years,67776,59862,53792,47722,41479,40737,42164,41562,40696,38943
  75 - 79 Years,35191,36413,35684,34843,33270,30617,28394,25900,24440,23859
  80 - 84 Years,24009,22303,20059,18718,18180,17255,15940,15046,14098,13191
  85 - 89 Years,11349,10381,9702,8972,8372,7720,7062,6335,5887,5360
  65 Years & Over,235313,222693,209047,196409,184649,173276,161752,150516,140140,129697
  70 Years & Over,143292,133517,123360,114088,104794,99615,96608,91821,87923,84028
  75 Years & Over,75516,73655,69568,66366,63315,58878,54444,50259,47227,45085
  80 Years & Over,40325,37242,33884,31523,30045,28261,26050,24359,22787,21226
  85 Years & Over,16316,14939,13825,12805,11865,11006,10110,9313,8689,8035
  90 Years & Over,4967,4558,4123,3833,3493,3286,3048,2978,2802,2675
Total Female Chinese,1545425,1538000,1523906,1511968,1497928,1484704,1470453,1458568,1446378,1432589
  0 - 4 Years,60058,61341,61658,63058,63234,62057,61543,61849,62238,61615
  5 - 9 Years,66704,66410,66558,66455,65998,66418,66211,65569,65648,66191
  10 - 14 Years,67631,67678,66752,66598,66935,69774,71955,73976,76622,79734
  15 - 19 Years,71081,73472,74912,77408,80391,81913,83967,87625,89080,89936
  20 - 24 Years,83744,85911,88579,89968,90928,92491,92582,94681,94133,90166
  25 - 29 Years,105382,105926,108120,108422,104463,101120,99187,94507,93812,96675
  30 - 34 Years,114650,113405,107978,106962,109155,110839,110916,112654,112033,113208
  35 - 39 Years,115053,115478,116767,115729,116593,116429,116487,117668,120982,121267
  40 - 44 Years,116766,117376,118524,121594,121695,122989,122882,121263,119310,117315
  45 - 49 Years,122098,122466,120688,118325,116313,115886,116414,118279,119469,120835
  50 - 54 Years,114093,114976,116686,117531,118733,118458,118980,118587,118400,118598
  55 - 59 Years,116221,117007,116668,116335,116590,115878,114196,111664,108408,104272
  60 - 64 Years,113310,111913,109436,106162,102107,97839,94552,91423,88727,86567
  65 - 69 Years,95076,92066,88995,86261,84026,77724,68979,62892,55695,49085
  70 - 74 Years,74542,66153,60163,53172,46759,46573,48725,48423,47786,45417
  75 - 79 Years,43128,44962,44563,43882,41656,37946,35437,32527,31180,31018
  80 - 84 Years,32997,30690,27997,26719,26440,25900,24391,23454,22713,21864
  85 - 89 Years,19797,18484,17535,16955,16290,15530,14440,13291,12337,11405
  65 Years & Over,278634,264641,250580,237421,224793,212613,200581,188823,177516,166210
  70 Years & Over,183558,172575,161585,151160,140767,134889,131602,125931,121821,117125
  75 Years & Over,109016,106422,101422,97988,94008,88316,82877,77508,74035,71708
  80 Years & Over,65888,61460,56859,54106,52352,50370,47440,44981,42855,40690
  85 Years & Over,32891,30770,28862,27387,25912,24470,23049,21527,20142,18826
  90 Years & Over,13094,12286,11327,10432,9622,8940,8609,8236,7805,7421
Total Indians,362274,362637,360528,358821,356876,354952,353021,351667,351025,349036
  0 - 4 Years,15642,16234,16689,17040,17312,17434,17378,18276,20355,22037
  5 - 9 Years,21425,22171,22990,24252,25415,26269,26878,27413,27311,26880
  10 - 14 Years,26270,26779,26758,26234,25676,25175,24969,24614,24424,24143
  15 - 19 Years,23972,24116,23655,23262,22939,22689,22579,22643,22794,22805
  20 - 24 Years,22316,22280,22268,22405,22438,22501,22452,22273,22169,21844
  25 - 29 Years,23347,23471,23361,23164,22787,22662,23161,23898,25091,26761
  30 - 34 Years,23820,24264,24723,25858,27781,30273,32386,34287,35317,36171
  35 - 39 Years,30431,32131,33661,34578,35342,35478,35755,35697,35813,35490
  40 - 44 Years,34183,34326,34181,34164,33829,33534,32716,31944,31239,30512
  45 - 49 Years,32120,31391,30480,29727,29035,28684,28494,28417,28253,27801
  50 - 54 Years,27475,27322,27280,27019,26523,25955,25726,24990,24324,23466
  55 - 59 Years,24755,24545,23858,23305,22471,21646,20447,19366,18317,17485
  60 - 64 Years,20451,19503,18500,17502,16676,15647,14953,14318,13650,13213
  65 - 69 Years,14577,14063,13432,12797,12372,11230,9759,8575,7440,6427
  70 - 74 Years,10101,8823,7788,6684,5710,5626,5807,5782,5815,5597
  75 - 79 Years,4651,4829,4838,4873,4715,4517,4292,4159,4091,4104
  80 - 84 Years,3461,3310,3178,3160,3171,3097,2996,2931,2789,2639
  85 - 89 Years,2003,1948,1882,1838,1756,1688,1545,1433,1256,1137
  65 Years & Over,36067,34104,32124,30311,28652,27005,25127,23531,21968,20428
  70 Years & Over,21490,20041,18692,17514,16280,15775,15368,14956,14528,14001
  75 Years & Over,11389,11218,10904,10830,10570,10149,9561,9174,8713,8404
  80 Years & Over,6738,6389,6066,5957,5855,5632,5269,5015,4622,4300
  85 Years & Over,3277,3079,2888,2797,2684,2535,2273,2084,1833,1661
  90 Years & Over,1274,1131,1006,959,928,847,728,651,577,524
Total Male Indians,185565,185343,184496,183818,182935,182304,181359,180889,180948,180548
  0 - 4 Years,8074,8327,8571,8703,8635,8621,8530,8983,10015,10916
  5 - 9 Years,10827,11177,11518,12021,12637,13032,13285,13577,13571,13420
  10 - 14 Years,13172,13320,13329,13045,12722,12541,12534,12326,12272,12108
  15 - 19 Years,12054,12114,11849,11678,11463,11319,11241,11232,11362,11332
  20 - 24 Years,11170,11097,11058,11163,11125,11125,11075,10987,10863,10752
  25 - 29 Years,11531,11547,11510,11330,11136,10966,10907,11080,11553,12389
  30 - 34 Years,11486,11477,11541,11997,12869,14105,15296,16555,17505,18481
  35 - 39 Years,14298,15236,16330,17284,18172,18689,19363,19702,20103,20231
  40 - 44 Years,18122,18564,18881,19183,19315,19461,19086,18724,18282,17781
  45 - 49 Years,18577,18201,17731,17277,16798,16484,16192,15948,15624,15156
  50 - 54 Years,15643,15363,15181,14776,14316,13913,13716,13329,13007,12521
  55 - 59 Years,13131,12946,12572,12325,11865,11401,10655,9961,9420,8949
  60 - 64 Years,10646,10013,9365,8848,8377,7808,7494,7124,6712,6474
  65 - 69 Years,7139,6899,6543,6170,5945,5412,4686,4166,3588,3128
  70 - 74 Years,4705,4100,3652,3100,2656,2614,2687,2641,2639,2508
  75 - 79 Years,2047,2091,2052,2055,1970,1882,1767,1778,1835,1948
  80 - 84 Years,1309,1276,1280,1319,1408,1468,1505,1538,1487,1434
  85 - 89 Years,879,918,930,942,929,927,871,823,711,664
  65 Years & Over,16834,15961,15060,14188,13505,12839,11985,11361,10659,10038
  70 Years & Over,9695,9062,8517,8018,7560,7427,7299,7195,7071,6910
  75 Years & Over,4990,4962,4865,4918,4904,4813,4612,4554,4432,4402
  80 Years & Over,2943,2871,2813,2863,2934,2931,2845,2776,2597,2454
  85 Years & Over,1634,1595,1533,1544,1526,1463,1340,1238,1110,1020
  90 Years & Over,755,677,603,602,597,536,469,415,399,356
Total Female Indians,176709,177294,176032,175003,173941,172648,171662,170778,170077,168488
  0 - 4 Years,7568,7907,8118,8337,8677,8813,8848,9293,10340,11121
  5 - 9 Years,10598,10994,11472,12231,12778,13237,13593,13836,13740,13460
  10 - 14 Years,13098,13459,13429,13189,12954,12634,12435,12288,12152,12035
  15 - 19 Years,11918,12002,11806,11584,11476,11370,11338,11411,11432,11473
  20 - 24 Years,11146,11183,11210,11242,11313,11376,11377,11286,11306,11092
  25 - 29 Years,11816,11924,11851,11834,11651,11696,12254,12818,13538,14372
  30 - 34 Years,12334,12787,13182,13861,14912,16168,17090,17732,17812,17690
  35 - 39 Years,16133,16895,17331,17294,17170,16789,16392,15995,15710,15259
  40 - 44 Years,16061,15762,15300,14981,14514,14073,13630,13220,12957,12731
  45 - 49 Years,13543,13190,12749,12450,12237,12200,12302,12469,12629,12645
  50 - 54 Years,11832,11959,12099,12243,12207,12042,12010,11661,11317,10945
  55 - 59 Years,11624,11599,11286,10980,10606,10245,9792,9405,8897,8536
  60 - 64 Years,9805,9490,9135,8654,8299,7839,7459,7194,6938,6739
  65 - 69 Years,7438,7164,6889,6627,6427,5818,5073,4409,3852,3299
  70 - 74 Years,5396,4723,4136,3584,3054,3012,3120,3141,3176,3089
  75 - 79 Years,2604,2738,2786,2818,2745,2635,2525,2381,2256,2156
  80 - 84 Years,2152,2034,1898,1841,1763,1629,1491,1393,1302,1205
  85 - 89 Years,1124,1030,952,896,827,761,674,610,545,473
  65 Years & Over,19233,18143,17064,16123,15147,14166,13142,12170,11309,10390
  70 Years & Over,11795,10979,10175,9496,8720,8348,8069,7761,7457,7091
  75 Years & Over,6399,6256,6039,5912,5666,5336,4949,4620,4281,4002
  80 Years & Over,3795,3518,3253,3094,2921,2701,2424,2239,2025,1846
  85 Years & Over,1643,1484,1355,1253,1158,1072,933,846,723,641
  90 Years & Over,519,454,403,357,331,311,259,236,178,168
Other Ethnic Groups (Total),129669,129081,128650,128013,127623,126808,126681,126496,125677,125324
  0 - 4 Years,6287,6344,6441,6600,6583,6497,6429,7021,7702,8426
  5 - 9 Years,7747,7645,8049,8541,9131,9690,10309,10411,10365,10269
  10 - 14 Years,9092,9570,9538,9492,9327,9340,9333,9284,9246,9079
  15 - 19 Years,8670,8582,8497,8408,8308,7988,7645,7227,6852,6518
  20 - 24 Years,7355,7009,6606,6305,6009,5770,5530,5478,5301,5161
  25 - 29 Years,6231,6187,6351,6225,6119,5951,6114,6458,7099,8430
  30 - 34 Years,8229,8351,8697,9109,9931,10859,11940,13088,14079,15032
  35 - 39 Years,12252,12905,13660,14313,15016,15336,15938,16402,16767,16828
  40 - 44 Years,14698,15202,15500,15896,16140,16391,16319,15949,15278,14672
  45 - 49 Years,15231,15143,14801,14344,13870,13320,12712,12295,11648,10905
  50 - 54 Years,12020,11411,11049,10548,9957,9447,9042,8471,7892,7365
  55 - 59 Years,8276,7889,7405,6893,6521,6135,5752,5378,4989,4646
  60 - 64 Years,5327,5028,4694,4414,4159,3864,3707,3517,3385,3326
  65 - 69 Years,3356,3220,3065,2960,2900,2679,2372,2109,1804,1509
  70 - 74 Years,2315,2025,1792,1531,1277,1228,1278,1250,1221,1213
  75 - 79 Years,1005,1071,1049,1022,1039,1013,971,936,922,877
  80 - 84 Years,799,736,738,732,678,691,705,695,650,635
  85 - 89 Years,476,477,474,445,442,393,379,335,303,274
  65 Years & Over,8254,7815,7362,6925,6552,6220,5911,5517,5074,4667
  70 Years & Over,4898,4595,4297,3965,3652,3541,3539,3408,3270,3158
  75 Years & Over,2583,2570,2505,2434,2375,2313,2261,2158,2049,1945
  80 Years & Over,1578,1499,1456,1412,1336,1300,1290,1222,1127,1068
  85 Years & Over,779,763,718,680,658,609,585,527,477,433
  90 Years & Over,303,286,244,235,216,216,206,192,174,159
Other Ethnic Groups (Males),59315,59398,59481,59531,59783,59913,60088,60256,59914,59730
  0 - 4 Years,3045,3095,3150,3154,3108,3059,3009,3299,3651,4080
  5 - 9 Years,3639,3556,3701,3941,4263,4538,4884,4989,5018,4995
  10 - 14 Years,4212,4479,4536,4482,4456,4509,4492,4421,4364,4273
  15 - 19 Years,4186,4135,4045,3990,3905,3736,3545,3351,3156,2938
  20 - 24 Years,3551,3375,3139,2937,2702,2587,2432,2360,2272,2191
  25 - 29 Years,2485,2351,2324,2220,2168,2136,2201,2364,2586,3158
  30 - 34 Years,2482,2524,2678,2900,3418,3954,4632,5282,5834,6318
  35 - 39 Years,4191,4717,5256,5830,6337,6683,7094,7462,7737,7854
  40 - 44 Years,6323,6713,7032,7433,7717,7900,7961,7743,7475,7166
  45 - 49 Years,7330,7385,7225,7065,6860,6761,6513,6482,6138,5812
  50 - 54 Years,6059,5825,5800,5595,5371,5107,4839,4538,4256,3976
  55 - 59 Years,4409,4206,3949,3740,3577,3391,3212,3039,2824,2642
  60 - 64 Years,2930,2789,2670,2499,2370,2233,2162,2052,2004,1985
  65 - 69 Years,1903,1850,1766,1728,1711,1578,1411,1284,1090,900
  70 - 74 Years,1324,1176,1067,907,750,707,704,645,632,620
  75 - 79 Years,565,581,529,516,519,501,460,437,420,398
  80 - 84 Years,376,332,333,332,304,303,316,310,275,259
  85 - 89 Years,199,213,202,178,171,150,148,133,123,116
  65 Years & Over,4473,4248,3976,3745,3531,3319,3112,2874,2599,2342
  70 Years & Over,2570,2398,2210,2017,1820,1741,1701,1590,1509,1442
  75 Years & Over,1246,1222,1143,1110,1070,1034,997,945,877,822
  80 Years & Over,681,641,614,594,551,533,537,508,457,424
  85 Years & Over,305,309,281,262,247,230,221,198,182,165
  90 Years & Over,106,96,79,84,76,80,73,65,59,49
Other Ethnic Groups (Females),70354,69683,69169,68482,67840,66895,66593,66240,65763,65594
  0 - 4 Years,3242,3249,3291,3446,3475,3438,3420,3722,4051,4346
  5 - 9 Years,4108,4089,4348,4600,4868,5152,5425,5422,5347,5274
  10 - 14 Years,4880,5091,5002,5010,4871,4831,4841,4863,4882,4806
  15 - 19 Years,4484,4447,4452,4418,4403,4252,4100,3876,3696,3580
  20 - 24 Years,3804,3634,3467,3368,3307,3183,3098,3118,3029,2970
  25 - 29 Years,3746,3836,4027,4005,3951,3815,3913,4094,4513,5272
  30 - 34 Years,5747,5827,6019,6209,6513,6905,7308,7806,8245,8714
  35 - 39 Years,8061,8188,8404,8483,8679,8653,8844,8940,9030,8974
  40 - 44 Years,8375,8489,8468,8463,8423,8491,8358,8206,7803,7506
  45 - 49 Years,7901,7758,7576,7279,7010,6559,6199,5813,5510,5093
  50 - 54 Years,5961,5586,5249,4953,4586,4340,4203,3933,3636,3389
  55 - 59 Years,3867,3683,3456,3153,2944,2744,2540,2339,2165,2004
  60 - 64 Years,2397,2239,2024,1915,1789,1631,1545,1465,1381,1341
  65 - 69 Years,1453,1370,1299,1232,1189,1101,961,825,714,609
  70 - 74 Years,991,849,725,624,527,521,574,605,589,593
  75 - 79 Years,440,490,520,506,520,512,511,499,502,479
  80 - 84 Years,423,404,405,400,374,388,389,385,375,376
  85 - 89 Years,277,264,272,267,271,243,231,202,180,158
  65 Years & Over,3781,3567,3386,3180,3021,2901,2799,2643,2475,2325
  70 Years & Over,2328,2197,2087,1948,1832,1800,1838,1818,1761,1716
  75 Years & Over,1337,1348,1362,1324,1305,1279,1264,1213,1172,1123
  80 Years & Over,897,858,842,818,785,767,753,714,670,644
  85 Years & Over,474,454,437,418,411,379,364,329,295,268
  90 Years & Over,197,190,165,151,140,136,133,127,115,110
,,,,,,,,,,
Footnotes:,,,,,,,,,,
"Data for 1970 and from 1980 onwards refer to Singapore residents (citizens and permanent residents).  Data prior to 1980 (except 1970) refer to total population.  Data from 2003 onwards exclude residents who are overseas for a continuous period of 12 months or longer as at the reference period.  For more information, please refer to the 'Population Trends' publication (www.singstat.gov.sg/publications/population/population-trends) and the Information Paper on 'Singapore Resident Population, 2003-2007' (www.singstat.gov.sg/-/media/files/publications/population/respop.pdf).",,,,,,,,,,
Total Indians (Number):,,,,,,,,,,
"From 1970, Indians include Sri Lankans (Ceylonese) who were previously classified under 'Others'.",,,,,,,,,,
Total Male Indians (Number):,,,,,,,,,,
"From 1970, Indians include Sri Lankans (Ceylonese) who were previously classified under 'Others'.",,,,,,,,,,
Total Female Indians (Number):,,,,,,,,,,
"From 1970, Indians include Sri Lankans (Ceylonese) who were previously classified under 'Others'.",,,,,,,,,,
,,,,,,,,,,
Notation:,,,,,,,,,,
na   not available or not applicable,,,,,,,,,,
nec  not elsewhere classified,,,,,,,,,,
nes  not elsewhere specified,,,,,,,,,,
 -     nil or negligible or not significant,,,,,,,,,,
Notes,,,,,,,,,,
Numbers may not add up to the totals due to rounding.,,,,,,,,,,
"Data are the latest available at the time of access or download. Some statistics, particularly those for the most recent time periods, are provisional and may be subject to revision at a later date.",,,,,,,,,,
Values are shown in Singapore dollars (unless otherwise specified).,,,,,,,,,,
,,,,,,,,,,
Generated by: SingStat Table Builder,,,,,,,,,,
Date generated: 15/01/2023,,,,,,,,,,
Contact: info@singstat.gov.sg,,,,,,,,,,